usuario,amigo
_mhertz,cairdin
_mhertz,greatnesseoa
_mhertz,meeestarcoke
aero0729,throthra
arthurhasher,greatnesseoa
cairdin,_mhertz
cairdin,jetbluenews
cairdin,jnardino
cairdin,kbosspotter
chagaga2013,weezerandburnie
cjmcginnis,jasemccarty
cjmcginnis,jnardino
cjmcginnis,scoobydoo9749
dhepburn,yvonnalynn
elmirabudman,otisday
flemmingerin,throthra
georgetietjen,otisday
greatnesseoa,_mhertz
greatnesseoa,arthurhasher
greatnesseoa,heyheyman
heyheyman,greatnesseoa
jasemccarty,cjmcginnis
jasemccarty,scoobydoo9749
jetblue,southwestair
jetbluenews,cairdin
jetbluenews,kbosspotter
jetbluenews,otisday
jetbluenews,throthra
jnardino,cairdin
jnardino,cjmcginnis
kbosspotter,cairdin
kbosspotter,jetbluenews
kbosspotter,rossj987
kbosspotter,weezerandburnie
meeestarcoke,_mhertz
meeestarcoke,patrick_maness
meeestarcoke,worldwideweg
otisday,elmirabudman
otisday,georgetietjen
otisday,jetbluenews
patrick_maness,meeestarcoke
rossj987,kbosspotter
rossj987,thatjasoneaton
rossj987,thomashoward88
scoobydoo9749,cjmcginnis
scoobydoo9749,jasemccarty
smhillman,weezerandburnie
southwestair,jetblue
southwestair,united
thatjasoneaton,rossj987
thomashoward88,rossj987
throthra,aero0729
throthra,flemmingerin
throthra,jetbluenews
united,americanair
usairways,jetblue
virginamerica,united
weezerandburnie,chagaga2013
weezerandburnie,kbosspotter
weezerandburnie,smhillman
worldwideweg,meeestarcoke
yupitstate,americanair
yvonnalynn,dhepburn
