post_id,usuario
14570,cairdin
14570,jnardino
14570,yvonnalynn
14427,cairdin
14427,pilot
14427,cjmcginnis
14381,dhepburn
14381,jnardino
14276,cairdin
14276,yvonnalynn
14276,cjmcginnis
14225,jnardino
14225,pilot
13967,cairdin
13967,dhepburn
13916,yvonnalynn
13916,jnardino
13860,cairdin
13860,cjmcginnis
13767,dhepburn
13767,pilot
13676,cairdin
13676,yvonnalynn
13676,jnardino
14639,cairdin
14639,jnardino
14639,yvonnalynn
14638,pilot
14638,cjmcginnis
14636,dhepburn
14636,cairdin
14635,jnardino
14635,yvonnalynn
14633,pilot
14633,cjmcginnis
14629,cairdin
14629,dhepburn
14627,jnardino
14627,pilot
14626,cairdin
14626,yvonnalynn
14625,cjmcginnis
14625,jnardino
14621,cairdin
14621,dhepburn



